,Word,Power
0,elegy,71.5
1,swell,70.0
2,wrung,71
3,loose,87.2
4,agent,97
5,cello,84.0
6,glass,73.8
7,utter,87.1
8,wrote,96
9,odder,83.2
10,berth,90
11,rajah,62.4
12,flash,82
13,patty,72.1
14,scone,97
15,timer,97
16,reign,94
17,weigh,72
18,ought,82
19,serif,92
20,parka,66.4
21,hardy,86
22,large,102
23,cleft,88
24,frond,81
25,drive,83
26,shrew,84
27,close,100
28,young,79
29,slope,96
30,focus,78
31,mamma,37.199999999999996
32,pivot,77
33,broke,84
34,rigor,76.3
35,stack,84
36,child,79
37,awash,62.4
38,candy,82
39,medic,80
40,knife,74
41,sulky,74
42,stink,81
43,pouch,77
44,lithe,98
45,penal,97
46,quart,85
47,award,66.4
48,frown,74
49,crust,93
50,roger,82.3
51,pilot,93
52,spoon,70.2
53,yacht,87
54,ratty,84.1
55,brush,78
56,snoop,70.2
57,defer,69.5
58,felon,91
59,geeky,57.5
60,baton,92
61,angel,96
62,mover,83
63,prime,87
64,enema,77.5
65,manly,84
66,older,102
67,renew,72.5
68,sworn,85
69,coyly,72.4
70,stout,79.1
71,stuff,62.7
72,tabby,67.8
73,whelp,74
74,lemon,93
75,octet,85.1
76,seven,66.5
77,flood,63.2
78,layer,106
79,raise,109
80,stein,100
81,plaid,86
82,agile,98
83,amity,87
84,tunic,88
85,toast,87.1
86,curio,95
87,savvy,60.4
88,train,104
89,sight,81
90,trick,84
91,prune,92
92,sloop,73.2
93,sober,96
94,feign,78
95,bluer,92
96,quill,58.0
97,spree,79.5
98,sooth,76.2
99,spunk,68
100,tubal,89
101,worry,66.3
102,affix,53.7
103,genre,77.5
104,punch,72
105,frisk,73
106,usage,93
107,imply,73
108,slink,80
109,colon,76.2
110,alibi,72.9
111,clamp,79
112,envoy,82
113,thief,85
114,unity,87
115,usual,79.6
116,daisy,87
117,prowl,81
118,sword,80
119,farce,94
120,three,84.5
121,funny,55.7
122,theft,68.1
123,block,71
124,chunk,67
125,slash,76.8
126,bushy,69
127,clung,78
128,drift,82
129,sinew,84
130,quake,72
131,abort,98
132,artsy,100
133,enter,88.5
134,fluid,74
135,lower,95
136,break,86
137,place,95
138,pinky,67
139,goofy,55.2
140,graze,84
141,flute,89
142,lunar,100
143,berry,72.3
144,scarf,87
145,cynic,66.5
146,shale,100
147,denim,82
148,beget,66.5
149,dummy,51.9
150,daunt,90
151,nanny,58.400000000000006
152,begat,88
153,salvo,88
154,sauna,77.4
155,ratio,109
156,dwell,64.0
157,vocal,85
158,annex,70.7
159,other,104
160,antic,96
161,holly,71.0
162,brook,61.2
163,stone,103
164,bacon,86
165,gloom,63.2
166,scout,92
167,privy,71
168,roost,86.2
169,navel,90
170,godly,78
171,skirt,87
172,hunky,66
173,lowly,63.0
174,fibre,82
175,gooey,73.2
176,slide,94
177,trove,95
178,caput,87
179,tonic,94
180,spurt,89
181,meaty,93
182,notch,88
183,order,84.3
184,shake,86
185,gamer,91
186,towel,93
187,tawny,81
188,marry,72.3
189,libel,74.0
190,armor,80.3
191,elfin,88
192,major,78
193,lymph,67
194,perky,79
195,canoe,103
196,brace,95
197,waist,87
198,gamut,80
199,plank,78
200,femme,44.4
201,dross,76.8
202,seedy,71.5
203,tried,100
204,moist,89
205,eject,63.5
206,freed,69.5
207,abuse,91
208,prank,81
209,steed,78.5
210,zonal,85
211,conch,68.5
212,inlet,102
213,truly,94
214,first,88
215,dried,80.2
216,could,85
217,stall,85.0
218,booze,59.2
219,molar,98
220,realm,101
221,rebel,78.5
222,sedan,96
223,slurp,88
224,after,100
225,shaft,83
226,maker,87
227,pushy,72
228,midst,79
229,eying,85
230,pasty,88
231,slain,98
232,annul,78.7
233,tutor,84.1
234,mauve,78
235,lance,101
236,quoth,73
237,being,79
238,alive,92
239,kinky,56.6
240,tooth,60.300000000000004
241,diode,79.2
242,awful,72
243,itchy,82
244,nerve,71.5
245,grail,96
246,druid,71.2
247,swarm,79
248,ahead,76.4
249,grate,103
250,rinse,102
251,catty,76.1
252,funky,60
253,plate,101
254,hasty,90
255,croak,90
256,voter,95
257,wince,81
258,creep,76.5
259,koala,74.4
260,wreck,74
261,joust,77
262,salve,91
263,prick,74
264,blown,72
265,clump,71
266,bathe,91
267,plant,93
268,ruddy,66.2
269,shade,92
270,rebut,93
271,needy,70.5
272,admin,81
273,salty,97
274,plain,91
275,forge,87
276,iliac,79.9
277,teach,98
278,beset,74.5
279,strip,92
280,adult,93
281,cocoa,64.7
282,rouse,104
283,juicy,64
284,pulpy,62.1
285,nylon,74.7
286,quote,85
287,sully,70.0
288,shark,84
289,smart,95
290,fetal,97
291,endow,81
292,stage,98
293,stray,100
294,leapt,101
295,kneel,70.5
296,space,93
297,coast,100
298,trawl,93
299,dally,72.0
300,ninny,53.400000000000006
301,plait,95
302,minor,90
303,phone,88
304,curse,97
305,noble,92
306,ashen,97
307,peach,88
308,blurb,67.8
309,chalk,78
310,octal,102
311,lurid,90
312,lunge,88
313,roast,108
314,shorn,93
315,opine,94
316,prone,98
317,silky,77
318,saner,107
319,about,91
320,lover,94
321,logic,86
322,music,77
323,dusty,81
324,cheer,78.5
325,quick,57
326,going,69.0
327,riper,80.3
328,aping,81
329,brawl,80
330,psalm,82
331,segue,71.5
332,trice,103
333,horny,89
334,shack,76
335,truss,79.8
336,hence,72.5
337,scuba,81
338,swore,93
339,pesky,74
340,error,74.6
341,furor,70.3
342,grand,86
343,angle,96
344,serum,91
345,would,75
346,crony,91
347,swear,95
348,ninja,61.7
349,money,87
350,noose,84.2
351,incur,90
352,loath,100
353,mogul,77
354,milky,68
355,louse,101
356,kneed,62.5
357,knack,62.6
358,mealy,92
359,swoop,58.2
360,nobly,81
361,shift,78
362,retch,97
363,paste,99
364,lofty,84
365,mafia,61.4
366,aback,55.4
367,froth,86
368,scree,83.5
369,harry,76.3
370,waxen,74
371,pesto,97
372,gaudy,76
373,viola,89
374,cedar,99
375,cabal,69.4
376,wider,84
377,choir,92
378,arbor,79.3
379,aunty,92
380,river,73.3
381,blitz,70
382,vegan,80
383,impel,84
384,idiot,75.9
385,icing,62.9
386,slack,83
387,extra,96
388,quilt,77
389,boney,86
390,savor,91
391,nurse,99
392,jetty,62.1
393,allay,62.4
394,betel,76.5
395,daily,89
396,sally,78.0
397,bicep,78
398,wooly,63.2
399,rocky,80
400,honey,91
401,butch,73
402,creak,93
403,hitch,69.3
404,inlay,94
405,flint,84
406,wagon,78
407,glide,86
408,fiend,80
409,turbo,90
410,quell,64.0
411,ulcer,99
412,mania,71.4
413,pluck,68
414,light,83
415,risen,102
416,moose,76.2
417,bunch,69
418,equal,86
419,welch,78
420,shine,92
421,fuzzy,39.2
422,ivory,82
423,arise,109
424,route,107
425,flush,74
426,uncut,70.6
427,valet,94
428,craze,89
429,easel,89.5
430,gayly,69.4
431,wrist,86
432,folly,65.0
433,salsa,66.2
434,store,109
435,clash,90
436,chase,95
437,munch,70
438,spear,101
439,stalk,89
440,pansy,84
441,unite,98
442,speck,75
443,shoot,76.2
444,tepid,88
445,quash,72
446,ethic,93
447,haven,83
448,tepee,62.0
449,creme,74.5
450,horse,101
451,dryly,70.4
452,lynch,79
453,mucus,59.6
454,merry,73.3
455,filet,92
456,foyer,91
457,trash,99
458,bison,84
459,login,88
460,inert,105
461,tacky,80
462,axiom,77
463,width,70
464,spend,83
465,eaten,89.5
466,fiery,88
467,dumpy,62
468,hymen,78
469,qualm,70
470,clasp,88
471,randy,90
472,anger,99
473,taint,83.1
474,badly,78
475,grunt,87
476,briny,81
477,filth,80
478,melon,93
479,abhor,90
480,build,75
481,gonad,85
482,color,82.2
483,stint,77.1
484,pooch,63.2
485,decor,97
486,deter,83.5
487,rayon,100
488,least,108
489,flail,72.0
490,drake,90
491,mound,76
492,metal,99
493,rugby,71
494,thorn,96
495,amass,55.199999999999996
496,donor,76.2
497,resin,102
498,beach,85
499,north,96
500,pixel,78
501,coral,104
502,quasi,78
503,pasta,76.4
504,banal,71.4
505,perch,87
506,align,90
507,breed,70.5
508,fatal,74.4
509,crept,95
510,tweed,65.5
511,spelt,95
512,token,91
513,again,72.4
514,unlit,93
515,melee,59.0
516,elope,80.5
517,gravy,75
518,valor,93
519,moldy,77
520,optic,88
521,slosh,74.8
522,venue,64.5
523,fungi,69
524,bongo,59.2
525,these,79.5
526,rigid,65.9
527,slime,91
528,rebus,90
529,rough,84
530,swing,69
531,vital,88
532,thick,74
533,stole,106
534,twine,87
535,haute,99
536,vinyl,74
537,honor,77.2
538,gumbo,65
539,beech,63.5
540,flyer,89
541,since,94
542,whole,85
543,until,93
544,every,68.5
545,parer,85.3
546,undue,71.6
547,braid,86
548,vomit,75
549,cause,98
550,karma,64.4
551,chord,85
552,adept,93
553,tumor,91
554,stove,90
555,skiff,50.7
556,ardor,83.3
557,snuff,58.7
558,exist,86
559,bowel,80
560,remit,97
561,fruit,86
562,sigma,80
563,semen,71.5
564,copse,91
565,diary,92
566,twice,85
567,rowdy,76
568,drown,79
569,draft,87
570,chose,93
571,drawn,81
572,waive,77
573,jumpy,50
574,brand,84
575,chump,64
576,alter,113
577,dandy,68.2
578,rogue,96
579,stuck,76
580,amiss,71.8
581,grape,93
582,whiny,68
583,heave,68.5
584,polar,100
585,vault,85
586,frank,77
587,altar,90.4
588,swift,70
589,later,113
590,cater,108
591,brave,84
592,poise,95
593,titan,83.1
594,datum,82
595,bitty,64.1
596,weary,91
597,elate,92.5
598,snaky,79
599,pudgy,63
600,rifle,94
601,slice,97
602,deity,91
603,knelt,89
604,prior,77.3
605,abyss,65.8
606,squat,80
607,movie,79
608,gnash,82
609,anvil,84
610,given,75
611,grain,93
612,pouty,84
613,spoke,82
614,choke,81
615,stoop,74.2
616,recut,100
617,spool,73.2
618,tatty,63.2
619,joist,80
620,canny,71.7
621,rarer,76.6
622,glyph,68
623,spiel,93
624,borne,95
625,quack,62
626,warty,87
627,kayak,47.0
628,decay,90
629,nadir,95
630,irate,112
631,magic,77
632,sharp,89
633,bagel,87
634,ficus,75
635,modal,87
636,chick,54.5
637,topaz,80
638,ranch,92
639,poppy,49.2
640,happy,63.1
641,circa,82.5
642,lager,102
643,hyena,93
644,jewel,52.5
645,tripe,99
646,cable,92
647,caste,103
648,fleet,75.5
649,surly,91
650,fanny,63.7
651,horde,95
652,peace,77.5
653,carry,78.3
654,comfy,67
655,fluff,44.400000000000006
656,marsh,87
657,scaly,91
658,zesty,80
659,await,71.4
660,refer,59.8
661,email,97
662,guilt,86
663,stilt,80.1
664,gorge,81.0
665,scoff,62.7
666,dying,72
667,wryly,63.4
668,chasm,79
669,quite,82
670,hinge,84
671,woven,73
672,twang,77
673,aisle,106
674,attic,81.1
675,cabby,61.8
676,lilac,80.0
677,slick,78
678,droit,97
679,nicer,99
680,buggy,49.0
681,utile,101
682,bleat,98
683,paddy,62.2
684,twirl,88
685,flour,88
686,ether,84.5
687,frost,91
688,dense,74.5
689,ghost,84
690,shyly,66.4
691,cairn,98
692,nasal,81.4
693,roach,97
694,sheik,81
695,ledge,69.5
696,prove,85
697,smith,80
698,crimp,77
699,album,77
700,tweet,55.6
701,fetch,81
702,delay,95
703,shape,91
704,chess,72.8
705,tulle,84.0
706,fight,70
707,spawn,75
708,leper,81.5
709,proxy,73
710,demon,85
711,ladle,83.0
712,micro,88
713,sepia,97
714,ombre,87
715,demur,85
716,relay,106
717,tiger,98
718,blood,64.2
719,input,84
720,juror,63.3
721,print,91
722,smote,95
723,puppy,43.2
724,leafy,90
725,latch,93
726,press,78.8
727,dairy,92
728,image,87
729,derby,82
730,third,88
731,arose,112
732,onion,61.900000000000006
733,guild,77
734,probe,89
735,speed,68.5
736,usher,95
737,arena,91.4
738,elite,87.5
739,eager,84.5
740,ditty,68.1
741,bingo,76
742,grass,76.8
743,swine,84
744,suing,80
745,shout,90
746,motor,77.2
747,haunt,91
748,awoke,82
749,bleak,83
750,maybe,80
751,paler,103
752,rotor,70.5
753,trail,107
754,chair,94
755,yeast,102
756,giddy,56.2
757,totem,79.1
758,whisk,61
759,ultra,104
760,carat,85.4
761,check,60.5
762,saute,104
763,quail,80
764,uncle,93
765,forte,98
766,apart,81.4
767,chafe,84
768,exact,88
769,moron,73.2
770,apple,81.1
771,nutty,70.1
772,trial,107
773,scamp,77
774,group,82
775,girth,86
776,toxic,80
777,brain,91
778,bigot,80
779,ruler,86.3
780,stale,108
781,sweep,61.5
782,hurry,68.3
783,shank,78
784,ebony,86
785,drawl,84
786,homer,92
787,witch,73
788,stamp,83
789,dirty,89
790,stunk,78
791,ovary,87
792,rusty,92
793,limbo,78
794,epoch,86
795,pound,78
796,fussy,56.8
797,wring,74
798,smile,91
799,crook,68.2
800,aloud,94
801,super,93
802,tenet,67.6
803,acrid,93
804,thump,70
805,clear,107
806,delve,63.5
807,equip,72
808,grave,86
809,verge,64.5
810,hatch,74.3
811,squib,62
812,unmet,88
813,maxim,55.9
814,crest,102
815,prism,80
816,fifth,60.7
817,chili,68.9
818,storm,93
819,early,106
820,pried,90
821,papal,58.5
822,drone,99
823,crank,85
824,adapt,70.4
825,swoon,64.2
826,shall,77.0
827,biome,83
828,board,89
829,feast,95
830,repay,97
831,pearl,103
832,mammy,48.8
833,tiara,89.4
834,teary,107
835,nomad,84
836,tibia,73.9
837,solid,91
838,gauge,76.0
839,fella,78.0
840,march,84
841,voice,85
842,gaffe,66.7
843,crumb,71
844,fixer,77
845,ounce,95
846,shoal,97
847,untie,98
848,goody,60.2
849,still,80.0
850,tuber,93
851,abide,88
852,brash,86
853,gavel,83
854,hazel,84
855,stead,100
856,focal,88
857,barge,90
858,wield,81
859,ozone,68.2
860,revue,70.5
861,scrap,91
862,swamp,67
863,shire,98
864,intro,102
865,aptly,90
866,goner,97
867,foist,87
868,dress,79.8
869,cried,94
870,arrow,76.3
871,fauna,66.4
872,agree,84.5
873,bride,87
874,booby,47.0
875,finer,91
876,habit,85
877,waltz,72
878,truer,87.3
879,leach,97
880,apnea,79.4
881,cloth,91
882,prize,80
883,cress,82.8
884,enact,102
885,thrum,82
886,goose,77.2
887,swish,56.8
888,neigh,84
889,match,82
890,exert,74.5
891,snore,105
892,donut,88
893,puree,77.5
894,depot,91
895,hotly,90
896,fresh,86
897,gripe,88
898,bawdy,63
899,greet,81.5
900,polka,83
901,bused,79
902,bleed,67.5
903,wafer,84
904,human,79
905,glade,91
906,caddy,66.2
907,pixie,59.9
908,decry,89
909,wedge,54.5
910,month,82
911,devil,80
912,vying,64
913,beret,79.5
914,sugar,91
915,gazer,84
916,revel,74.5
917,merge,69.5
918,harsh,79.3
919,spite,94
920,aglow,81
921,sweet,71.5
922,cubic,59.5
923,stern,104
924,humid,69
925,alone,108
926,debug,71
927,anime,94
928,gourd,83
929,satyr,100
930,slang,89
931,force,92
932,baler,100
933,wrest,92
934,clerk,89
935,weird,84
936,carol,104
937,tower,96
938,quark,70
939,windy,67
940,epoxy,75
941,local,83.0
942,ensue,78.5
943,plunk,70
944,spire,96
945,comic,66.5
946,suave,87
947,cling,81
948,worth,84
949,saucy,87
950,alarm,78.4
951,unify,73
952,gland,83
953,rower,77.3
954,elder,82.5
955,flesh,83
956,style,98
957,trend,98
958,splat,94
959,lanky,81
960,safer,97
961,upset,91
962,adopt,90
963,chaos,92
964,minus,79
965,union,75.7
966,myrrh,61.3
967,hippy,58.1
968,hovel,84
969,atoll,89.0
970,usurp,69.6
971,stake,94
972,ruder,78.3
973,steep,77.5
974,debit,85
975,manor,95
976,sewer,73.5
977,viper,82
978,agape,72.4
979,curve,83
980,liner,104
981,aroma,80.4
982,chill,69.0
983,clean,101
984,fault,88
985,scold,87
986,yield,90
987,drink,77
988,butte,72.1
989,dunce,85
990,final,87
991,swept,80
992,udder,77.2
993,tasty,79.1
994,siren,102
995,putty,64.1
996,pecan,92
997,filmy,69
998,bough,69
999,spare,101
1000,boule,91
1001,guest,90
1002,tweak,81
1003,greed,72.5
1004,spice,88
1005,craft,90
1006,crack,69.5
1007,payee,76.5
1008,murky,68
1009,blank,75
1010,crave,91
1011,apron,97
1012,scent,96
1013,tidal,96
1014,total,89.1
1015,sweat,93
1016,welsh,81
1017,cover,89
1018,deuce,70.5
1019,jaunt,78
1020,abode,91
1021,aside,98
1022,leave,75.5
1023,liken,87
1024,otter,93.1
1025,steal,108
1026,belch,81
1027,flair,93
1028,vapor,84
1029,elect,83.5
1030,snail,98
1031,bloke,81
1032,dolly,70.0
1033,mocha,83
1034,radio,100
1035,evade,67.5
1036,egret,81.5
1037,royal,103
1038,roomy,70.2
1039,growl,80
1040,aider,103
1041,tango,94
1042,verve,54.9
1043,slimy,80
1044,throb,87
1045,raspy,90
1046,adobe,91
1047,crush,85
1048,timid,62.9
1049,scale,102
1050,billy,63.0
1051,clone,99
1052,afire,98
1053,crawl,87
1054,sieve,68.5
1055,embed,56.5
1056,cycle,75.5
1057,glean,96
1058,spied,85
1059,drove,86
1060,amaze,62.4
1061,eclat,105
1062,khaki,62.6
1063,fatty,68.1
1064,medal,90
1065,infer,91
1066,enemy,67.5
1067,thong,83
1068,baker,86
1069,field,83
1070,scene,77.5
1071,noise,101
1072,muddy,52.2
1073,brown,75
1074,regal,102
1075,kappa,44.5
1076,tread,105
1077,topic,88
1078,bossy,63.8
1079,bully,60.0
1080,legal,81.0
1081,plump,57.1
1082,tally,81.0
1083,trite,90.1
1084,natal,84.4
1085,banjo,71
1086,mambo,63.9
1087,spank,76
1088,vigil,54.9
1089,woody,55.2
1090,piano,93
1091,lingo,88
1092,spike,79
1093,boxer,81
1094,vixen,68
1095,cache,78.5
1096,havoc,78
1097,fjord,64
1098,adage,73.4
1099,robot,76.2
1100,curvy,72
1101,above,83
1102,patch,84
1103,recur,81.3
1104,verso,92
1105,worse,93
1106,mason,90
1107,lunch,81
1108,argue,98
1109,spout,88
1110,syrup,82
1111,miner,93
1112,proud,84
1113,stash,77.8
1114,tardy,94
1115,brisk,74
1116,alien,105
1117,igloo,73.2
1118,hello,82.0
1119,basil,89
1120,sissy,54.599999999999994
1121,bunny,56.7
1122,scald,89
1123,baron,94
1124,phony,77
1125,humph,50.3
1126,outdo,73.2
1127,climb,71
1128,askew,78
1129,alloy,82.0
1130,ample,89
1131,loopy,69.2
1132,genie,73.5
1133,silly,73.0
1134,spent,92
1135,enjoy,78
1136,hoist,93
1137,naval,67.4
1138,broad,89
1139,erase,92.5
1140,mouse,90
1141,clown,79
1142,tramp,88
1143,chard,87
1144,mossy,64.8
1145,mirth,85
1146,false,94
1147,sleek,71.5
1148,scowl,80
1149,green,77.5
1150,purer,77.3
1151,stool,83.2
1152,scary,94
1153,women,78
1154,weave,60.5
1155,freer,59.8
1156,count,91
1157,irony,95
1158,pride,90
1159,grade,94
1160,retry,85.3
1161,noisy,90
1162,outgo,71.2
1163,foamy,76
1164,offal,73.7
1165,write,93
1166,slump,74
1167,howdy,66
1168,guise,88
1169,churn,84
1170,drill,76.0
1171,great,103
1172,robin,89
1173,hyper,86
1174,cheap,88
1175,larva,73.4
1176,share,103
1177,crazy,78
1178,panic,86
1179,gloss,71.8
1180,amber,89
1181,vowel,76
1182,hilly,68.0
1183,bravo,81
1184,spray,90
1185,audio,93
1186,guide,82
1187,stoke,92
1188,exult,85
1189,trope,102
1190,adorn,98
1191,wimpy,58
1192,rhyme,84
1193,glint,87
1194,blend,82
1195,etude,76.5
1196,ennui,78.7
1197,hippo,66.1
1198,spark,82
1199,testy,80.1
1200,surer,84.3
1201,tract,85.1
1202,tamer,102
1203,hussy,62.8
1204,prose,99
1205,junto,76
1206,plume,81
1207,shrug,80
1208,visor,86
1209,dwelt,83
1210,synod,83
1211,wordy,76
1212,agate,82.4
1213,allot,89.0
1214,flier,94
1215,poser,99
1216,batch,81
1217,deign,83
1218,shelf,83
1219,diner,96
1220,hutch,66.3
1221,inbox,69
1222,bleep,66.5
1223,lasso,85.8
1224,birch,78
1225,scope,91
1226,flack,72
1227,joker,76
1228,fishy,71
1229,moody,59.2
1230,sauce,98
1231,brunt,85
1232,fully,59.0
1233,detox,83
1234,smelt,93
1235,sandy,85
1236,aphid,79
1237,comma,70.9
1238,rupee,77.5
1239,whiff,44.7
1240,drape,95
1241,gusto,87
1242,mulch,73
1243,novel,88
1244,fence,66.5
1245,debar,92
1246,pupal,72.1
1247,heady,88
1248,cagey,88
1249,cutie,96
1250,sheen,75.5
1251,quota,84
1252,sense,64.3
1253,abbey,71.8
1254,showy,72
1255,repel,81.5
1256,villa,69.0
1257,finch,71
1258,plaza,59.4
1259,spine,90
1260,unzip,65
1261,teeth,63.6
1262,widen,78
1263,canal,78.4
1264,organ,96
1265,lumen,87
1266,belie,74.5
1267,renal,109
1268,shear,103
1269,bylaw,71
1270,olive,90
1271,inner,85.7
1272,smell,74.0
1273,talon,104
1274,raven,93
1275,black,73
1276,swung,66
1277,knock,60.6
1278,bread,92
1279,newer,72.5
1280,augur,74.6
1281,crock,67.5
1282,groin,91
1283,shard,90
1284,sushi,67.8
1285,jerky,68
1286,throw,84
1287,leech,75.5
1288,croup,87
1289,krill,70.0
1290,actor,105
1291,trait,89.1
1292,cruel,99
1293,dirge,89
1294,bluff,51.7
1295,adore,106
1296,learn,109
1297,burly,81
1298,guppy,52.1
1299,verse,72.5
1300,olden,96
1301,start,88.1
1302,afoot,76.2
1303,obese,75.5
1304,decal,96
1305,taboo,77.2
1306,slung,81
1307,knead,84
1308,loser,108
1309,arson,104
1310,spilt,89
1311,upper,76.1
1312,fizzy,42.2
1313,vapid,70
1314,parry,74.3
1315,heron,100
1316,batty,69.1
1317,whack,63
1318,swami,75
1319,bugle,79
1320,rapid,89
1321,caper,98
1322,dream,93
1323,frill,71.0
1324,cumin,76
1325,leash,100
1326,alert,113
1327,merit,97
1328,value,89
1329,sixth,74
1330,fifty,61.7
1331,saint,99
1332,atone,109
1333,today,93
1334,biddy,54.2
1335,event,69.5
1336,thing,80
1337,brief,82
1338,golem,86
1339,gruff,56.7
1340,lucid,82
1341,boozy,48.2
1342,stank,86
1343,torch,94
1344,juice,75
1345,reuse,84.5
1346,hound,80
1347,exalt,93
1348,spook,59.2
1349,piney,86
1350,cobra,92
1351,faith,84
1352,flame,85
1353,sunny,66.7
1354,flora,96
1355,bound,75
1356,forty,87
1357,charm,84
1358,minty,80
1359,motto,56.300000000000004
1360,witty,61.1
1361,elide,78.5
1362,woozy,45.2
1363,skimp,63
1364,blurt,88
1365,level,53.5
1366,water,98
1367,camel,93
1368,caulk,81
1369,flare,99
1370,flirt,90
1371,bench,78
1372,cheek,61.5
1373,gecko,78
1374,lusty,89
1375,ditto,76.1
1376,suite,99
1377,tulip,87
1378,cigar,91
1379,rural,85.3
1380,stair,105
1381,filly,62.0
1382,recap,98
1383,motel,97
1384,agony,87
1385,froze,79
1386,bilge,82
1387,cease,84.5
1388,taker,99
1389,begun,76
1390,label,79.0
1391,gypsy,54.4
1392,pedal,92
1393,pygmy,45.4
1394,nerdy,91
1395,chart,96
1396,ferry,71.3
1397,slush,68.8
1398,chore,98
1399,mange,85
1400,flunk,66
1401,minim,47.8
1402,prawn,80
1403,smack,72
1404,evict,84
1405,niche,89
1406,surge,92
1407,smoky,69
1408,haste,101
1409,aware,79.4
1410,allow,73.0
1411,chock,57.5
1412,offer,77.7
1413,video,82
1414,serve,72.5
1415,cross,79.8
1416,droll,79.0
1417,blush,75
1418,comet,92
1419,loamy,89
1420,laden,98
1421,shied,87
1422,never,71.5
1423,heard,97
1424,inter,105
1425,primo,84
1426,oaken,94
1427,crepe,76.5
1428,piety,90
1429,liver,91
1430,acute,101
1431,hover,87
1432,laugh,83
1433,oddly,69.2
1434,grown,77
1435,piper,79.1
1436,skier,91
1437,found,74
1438,strap,97
1439,plier,98
1440,pique,72
1441,smoke,80
1442,tacit,81.1
1443,owing,73
1444,blunt,82
1445,loyal,82.0
1446,sleet,86.5
1447,linen,82.7
1448,corer,87.3
1449,afoul,89
1450,drank,82
1451,grout,92
1452,inane,86.7
1453,ramen,98
1454,musty,78
1455,pulse,90
1456,sting,85
1457,algae,81.4
1458,peril,98
1459,hoard,94
1460,scalp,88
1461,relic,102
1462,scorn,95
1463,aorta,92.4
1464,shave,84
1465,queer,67.5
1466,moult,88
1467,short,97
1468,retro,93.3
1469,aging,71.0
1470,clued,88
1471,befit,80
1472,rerun,83.3
1473,annoy,78.7
1474,forgo,64.2
1475,maize,79
1476,click,61.5
1477,idler,99
1478,pagan,64.4
1479,visit,63.9
1480,south,90
1481,scrum,81
1482,rivet,92
1483,trade,105
1484,broil,92
1485,steak,94
1486,basis,70.8
1487,corny,91
1488,staid,94
1489,cacao,64.9
1490,dodgy,59.2
1491,sixty,75
1492,graph,81
1493,unset,97
1494,gusty,79
1495,swath,81
1496,feral,99
1497,flown,71
1498,harem,94
1499,vigor,78
1500,burnt,85
1501,judge,63
1502,tough,82
1503,dilly,67.0
1504,beast,96
1505,rouge,96
1506,squad,71
1507,catch,74.5
1508,sassy,59.599999999999994
1509,query,79
1510,grime,86
1511,risky,80
1512,staff,70.7
1513,death,95
1514,below,80
1515,cough,76
1516,gross,74.8
1517,meant,96
1518,razor,73.3
1519,shady,81
1520,sloth,94
1521,ridge,89
1522,cabin,83
1523,hunch,62.3
1524,skulk,60.6
1525,hotel,101
1526,lease,89.5
1527,empty,80
1528,bliss,66.8
1529,wench,75
1530,plush,78
1531,avian,66.4
1532,issue,79.8
1533,begin,79
1534,watch,78
1535,mecca,74.5
1536,smite,92
1537,clove,86
1538,proof,65.2
1539,shone,95
1540,booth,66.2
1541,cacti,80.5
1542,graft,85
1543,fudge,70
1544,giant,91
1545,frock,73
1546,fritz,72
1547,shock,74
1548,wispy,67
1549,grant,95
1550,grimy,75
1551,white,83
1552,foggy,54.0
1553,penne,57.2
1554,beefy,56.5
1555,guava,56.4
1556,fetid,84
1557,birth,84
1558,chief,79
1559,scour,94
1560,singe,89
1561,spurn,85
1562,latte,92.1
1563,wound,72
1564,swash,61.8
1565,lathe,103
1566,labor,97
1567,shame,89
1568,coven,83
1569,guess,70.8
1570,baste,96
1571,dozen,78
1572,tryst,78.1
1573,bezel,57.5
1574,purge,85
1575,chime,81
1576,pubic,69
1577,fairy,87
1578,whoop,53.2
1579,humus,57.6
1580,fraud,82
1581,gulch,74
1582,mangy,74
1583,triad,99
1584,eagle,81.5
1585,sorry,79.3
1586,fried,86
1587,blink,70
1588,clink,77
1589,rival,90
1590,truce,100
1591,where,68.5
1592,assay,60.199999999999996
1593,screw,86
1594,stunt,74.1
1595,curry,70.3
1596,mango,82
1597,mower,84
1598,rabbi,74.8
1599,petal,101
1600,pupil,67.1
1601,sonar,104
1602,theta,85.1
1603,vodka,68
1604,stark,92
1605,buyer,86
1606,tarot,92.1
1607,pinto,90
1608,dopey,84
1609,drain,95
1610,fluke,74
1611,sheep,69.5
1612,dully,64.0
1613,foray,90
1614,missy,61.8
1615,amend,87
1616,crump,74
1617,vivid,37.3
1618,beady,83
1619,moral,98
1620,waver,81
1621,handy,80
1622,filer,94
1623,coupe,89
1624,story,98
1625,cadet,97
1626,petty,73.1
1627,spore,99
1628,blame,86
1629,crime,91
1630,delta,102
1631,cower,90
1632,alpha,70.4
1633,trunk,83
1634,troll,88.0
1635,manga,62.4
1636,smear,99
1637,nymph,64
1638,fugue,59.6
1639,guard,85
1640,lurch,87
1641,scoop,68.2
1642,kitty,62.1
1643,heart,106
1644,scare,105
1645,piece,72.5
1646,jazzy,40.2
1647,rehab,93
1648,idiom,63.9
1649,mayor,92
1650,smock,70
1651,clack,66.5
1652,jelly,61.0
1653,taper,104
1654,skill,65.0
1655,parse,101
1656,using,80
1657,unwed,75
1658,asset,89.8
1659,groom,66.2
1660,snipe,90
1661,furry,62.3
1662,wreak,83
1663,erupt,96
1664,burst,86
1665,tilde,97
1666,there,84.5
1667,reedy,76.5
1668,scant,95
1669,tipsy,83
1670,bobby,45.6
1671,femur,80
1672,state,90.1
1673,terra,95.3
1674,condo,68.2
1675,rhino,94
1676,ovoid,59.2
1677,reach,100
1678,world,82
1679,skate,94
1680,fever,61.5
1681,solar,107
1682,crick,64.5
1683,knave,76
1684,hobby,57.8
1685,essay,82.8
1686,jolly,58.0
1687,heath,84.3
1688,conic,74.5
1689,quiet,82
1690,ionic,74.9
1691,tapir,98
1692,bribe,75.8
1693,grind,81
1694,fling,73
1695,angry,88
1696,thyme,82
1697,polyp,68.1
1698,overt,95
1699,tense,83.5
1700,small,73.0
1701,willy,60.0
1702,waste,93
1703,gummy,49.9
1704,youth,86
1705,niece,78.5
1706,among,82
1707,their,101
1708,masse,77.8
1709,creek,71.5
1710,onset,103
1711,ovine,87
1712,relax,95
1713,boast,93
1714,setup,91
1715,stood,75.2
1716,giver,81
1717,wheel,65.5
1718,audit,92
1719,shawl,80
1720,wacky,64
1721,twixt,50.1
1722,swirl,85
1723,rover,76.3
1724,cleat,105
1725,mince,85
1726,ralph,91
1727,grove,84
1728,macho,83
1729,react,108
1730,harpy,85
1731,salon,101
1732,abbot,75.8
1733,avert,97
1734,eerie,72.0
1735,mercy,86
1736,helix,80
1737,knoll,67.0
1738,rainy,97
1739,livid,56.9
1740,photo,69.2
1741,shunt,85
1742,snout,94
1743,bible,72.8
1744,hefty,80
1745,straw,91
1746,poesy,90
1747,plumb,64
1748,glove,81
1749,wrack,73
1750,salad,76.4
1751,tempo,88
1752,limit,70.9
1753,blade,89
1754,shell,78.0
1755,snake,90
1756,terse,89.5
1757,tribe,96
1758,often,92
1759,weedy,58.5
1760,halve,86
1761,drool,79.2
1762,reply,93
1763,sleep,76.5
1764,angst,90
1765,whirl,80
1766,score,103
1767,exile,69.5
1768,shove,82
1769,beard,92
1770,lapel,82.0
1771,wight,68
1772,dealt,102
1773,crown,82
1774,float,94
1775,house,94
1776,known,51.7
1777,madam,48.3
1778,snack,80
1779,sonic,91
1780,poker,87
1781,claim,87
1782,spell,76.0
1783,quest,81
1784,digit,63.9
1785,floss,68.8
1786,flaky,71
1787,gawky,59
1788,table,98
1789,tonga,94
1790,mushy,70
1791,clock,64.5
1792,frame,88
1793,rally,83.0
1794,bevel,59.5
1795,daddy,52.400000000000006
1796,shalt,96
1797,earth,106
1798,pleat,101
1799,madly,79
1800,lying,80
1801,slyly,55.4
1802,urban,88
1803,plied,87
1804,baggy,57.0
1805,bulge,79
1806,treat,95.1
1807,truck,81
1808,borax,80
1809,shuck,68
1810,refit,95
1811,zebra,82
1812,lobby,64.8
1813,shirt,94
1814,diver,83
1815,array,65.69999999999999
1816,buddy,51.2
1817,avail,69.4
1818,acorn,101
1819,steel,86.5
1820,racer,89.3
1821,eight,88
1822,oxide,81
1823,amble,86
1824,flank,74
1825,gouge,74.0
1826,vicar,85
1827,hater,106
1828,facet,92
1829,sumac,82
1830,gipsy,72
1831,twist,65.1
1832,riser,87.3
1833,prude,87
1834,ascot,100
1835,whine,79
1836,rumba,80
1837,tithe,80.1
1838,palsy,87
1839,porch,84
1840,virus,80
1841,modem,68.9
1842,night,80
1843,badge,79
1844,basal,72.4
1845,pizza,56.2
1846,umbra,80
1847,vouch,70
1848,toxin,82
1849,fancy,77
1850,lumpy,70
1851,metro,100
1852,crowd,77
1853,index,76
1854,shirk,79
1855,power,86
1856,sport,95
1857,under,93
1858,ember,67.5
1859,split,89
1860,bosom,59.2
1861,girly,86
1862,trump,80
1863,duchy,70
1864,gaily,87
1865,belly,69.0
1866,drama,70.4
1867,morph,78
1868,opera,105
1869,rider,81.3
1870,broth,87
1871,debut,82
1872,elbow,80
1873,thank,81
1874,llama,57.4
1875,inept,93
1876,ankle,92
1877,islet,103
1878,dance,93
1879,slate,108
1880,blare,100
1881,voila,89
1882,freak,85
1883,midge,75
1884,dusky,66
1885,patio,97
1886,spiky,68
1887,agora,81.4
1888,blaze,79
1889,leaky,89
1890,cramp,82
1891,brine,92
1892,plead,92
1893,ester,89.5
1894,stick,79
1895,trace,108
1896,which,53.3
1897,tenth,78.1
1898,tease,90.5
1899,spade,90
1900,fecal,91
1901,depth,82
1902,winch,69
1903,bring,77
1904,husky,67
1905,wheat,88
1906,cluck,58.5
1907,snide,91
1908,yearn,103
1909,owner,92
1910,shiny,81
1911,glaze,81
1912,rumor,72.3
1913,taste,90.1
1914,piggy,55.0
1915,emcee,54.0
1916,manic,84
1917,floor,74.2
1918,outer,107
1919,sheet,79.5
1920,glare,102
1921,model,88
1922,unfed,77
1923,gayer,96
1924,flung,70
1925,seize,66.5
1926,might,72
1927,eking,77
1928,leant,107
1929,covey,80
1930,edify,77
1931,threw,87
1932,those,99
1933,steer,89.5
1934,pithy,78
1935,evoke,59.5
1936,lodge,89
1937,bland,81
1938,panel,97
1939,gleam,88
1940,gloat,97
1941,stiff,65.7
1942,cliff,61.7
1943,favor,80
1944,study,81
1945,right,86
1946,binge,79
1947,edict,92
1948,chute,90
1949,shook,61.2
1950,snare,107
1951,nudge,80
1952,disco,86
1953,lorry,81.3
1954,credo,97
1955,matey,93
1956,brood,67.2
1957,solve,89
1958,wrong,77
1959,steam,97
1960,taunt,80.1
1961,entry,100
1962,lucky,71
1963,dingy,72
1964,bulky,64
1965,shown,75
1966,torso,86.2
1967,booty,67.2
1968,scrub,80
1969,stare,111
1970,along,93
1971,dowry,76
1972,creed,77.5
1973,guile,90
1974,heavy,80
1975,newly,81
1976,theme,70.5
1977,fetus,87
1978,canon,79.7
1979,stand,92
1980,siege,74.5
1981,savoy,82
1982,leery,84.5
1983,bloat,95
1984,naive,89
1985,crier,84.3
1986,flask,75
1987,crisp,86
1988,sever,72.5
1989,sprig,81
1990,cheat,98
1991,blind,76
1992,clang,86
1993,lapse,98
1994,lemur,93
1995,musky,63
1996,sadly,88
1997,torus,100
1998,venom,77
1999,shore,101
2000,bayou,84
2001,chirp,81
2002,blond,79
2003,grope,91
2004,stain,99
2005,snowy,76
2006,posse,77.8
2007,mural,92
2008,glory,89
2009,civic,41.4
2010,aloft,94
2011,truth,75.1
2012,price,93
2013,gassy,67.8
2014,crass,81.8
2015,brawn,77
2016,coach,75.5
2017,briar,76.3
2018,humor,83
2019,groan,96
2020,dodge,70.2
2021,gnome,83
2022,flock,70
2023,mimic,45.8
2024,ready,98
2025,dimly,74
2026,expel,61.5
2027,slave,91
2028,nosey,96
2029,think,76
2030,posit,91
2031,chest,92
2032,rearm,83.3
2033,broom,64.2
2034,stony,92
2035,slept,95
2036,sower,93
2037,clout,94
2038,civil,59.9
2039,basic,84
2040,sling,84
2041,locus,91
2042,soapy,89
2043,magma,46.3
2044,omega,90
2045,meter,80.5
2046,imbue,77
2047,amuse,92
2048,troop,79.2
2049,gauze,77
2050,aloof,75.2
2051,spicy,77
2052,axion,85
2053,alike,94
2054,picky,65
2055,duvet,78
2056,spiny,79
2057,front,90
2058,macro,93
2059,lipid,63.9
2060,cider,94
2061,dough,73
2062,grief,84
2063,stork,90
2064,ditch,80
2065,paper,84.1
2066,sound,85
2067,reset,89.5
2068,fleck,73
2069,gaunt,88
2070,hairy,93
2071,wiser,90
2072,maple,89
2073,spasm,63.8
2074,axial,68.4
2075,worst,89
2076,rodeo,84.2
2077,snuck,72
2078,dicey,85
2079,globe,85
2080,sheer,81.5
2081,spill,70.0
2082,anode,100
2083,chide,84
2084,while,82
2085,flout,86
2086,brick,71
2087,crude,91
2088,title,87.1
2089,tangy,86
2090,forth,86
2091,sooty,77.2
2092,crone,102
2093,fiber,82
2094,bless,72.8
2095,lyric,91
2096,drier,81.3
2097,queue,46.1
2098,point,90
2099,scion,91
2100,stave,92
2101,shaky,75
2102,rebar,82.3
2103,woken,75
2104,court,97
2105,hedge,62.5
2106,excel,65.5
2107,stock,82
2108,chuck,51.5
2109,ripen,95
2110,puffy,48.7
2111,flume,77
2112,plane,97
2113,macaw,55.4
2114,mucky,60
2115,gully,62.0
2116,skull,62.0
2117,friar,75.3
2118,gruel,94
2119,mummy,40.8
2120,flick,67
2121,amply,78
2122,fewer,62.5
2123,grace,97
2124,mouth,81
2125,crypt,84
2126,dingo,80
2127,erode,84.5
2128,woman,77
2129,cream,96
2130,dizzy,47.2
2131,speak,84
2132,curly,88
2133,carve,91
2134,elude,75.5
2135,payer,97
2136,vaunt,82
2137,whale,87
2138,junta,78
2139,spoof,60.2
2140,radii,79.9
2141,touch,87
2142,botch,79
2143,mourn,87
2144,undid,65.2
2145,azure,90
2146,vogue,77
2147,miser,94
2148,dwarf,71
2149,viral,90
2150,leggy,70.0
2151,cameo,95
2152,dowdy,54.2
2153,china,88
2154,golly,68.0
2155,cyber,85
2156,alley,85.0
2157,orbit,93
2158,abate,80.4
2159,flake,82
2160,ingot,89
2161,spoil,90
2162,occur,77.5
2163,trust,80.1
2164,wager,87
2165,quirk,65
2166,abase,77.4
2167,gamma,46.3
2168,lever,74.5
2169,purse,93
2170,boost,71.2
2171,jumbo,55
2172,buxom,58
2173,forum,77
2174,tenor,108
2175,brink,73
2176,satin,99
2177,strut,80.1
2178,budge,71
2179,kiosk,65.6
2180,dutch,77
2181,cloak,87
2182,erect,86.5
2183,folio,70.2
2184,hydro,84
2185,sappy,68.1
2186,dread,85.2
2187,pause,94
2188,couch,67.5
2189,sneak,90
2190,mount,85
2191,cavil,82
2192,tonal,104
2193,round,90
2194,built,84
2195,pence,70.5
2196,icily,69.9
2197,blast,91
2198,grill,74.0
2199,wooer,77.2
2200,awake,62.4
2201,lefty,87
2202,basin,86
2203,belle,57.5
2204,ocean,103
2205,bonus,81
2206,crate,108
2207,ghoul,81
2208,tight,65.1
2209,balmy,75
2210,geese,58.0
2211,brute,93
2212,phase,91
2213,slant,100
2214,grasp,86
2215,pitch,79
2216,motif,78
2217,unfit,80
2218,widow,58.5
2219,drunk,74
2220,range,99
2221,taken,93
2222,kebab,63.8
2223,stump,75
2224,sniff,61.7
2225,lousy,90
2226,ovate,96
2227,cinch,65.5
2228,cloud,85
2229,sneer,85.5
2230,rabid,86
2231,wrath,86
2232,clank,82
2233,prong,83
2234,scram,89
2235,sperm,86
2236,track,89
2237,swill,64.0
2238,began,84
2239,stomp,81
2240,preen,78.5
2241,urine,100
2242,brake,86
2243,trout,84.1
2244,doing,80
2245,faint,88
2246,liege,76.5
2247,snort,101
2248,smash,65.8
2249,cargo,94
2250,tying,81
2251,admit,85
2252,abled,89
2253,radar,63.699999999999996
2254,frail,93
2255,droop,70.2
2256,chaff,59.7
2257,eater,95.5
2258,shush,50.099999999999994
2259,shrub,78
2260,blimp,67
2261,champ,72
2262,dogma,77
2263,ideal,100
2264,media,89
2265,thumb,67
2266,fable,84
2267,teddy,73.2
2268,snarl,102
2269,class,78.8
2270,ninth,71.7
2271,vista,86
2272,stoic,95
2273,apply,70.1
2274,chain,88
2275,pinch,75
2276,whose,83
2277,nasty,94
2278,vague,79
2279,doubt,79
2280,covet,87
2281,taffy,66.7
2282,bloom,61.2
2283,slunk,77
2284,wharf,72
2285,crash,93
2286,soggy,65.0
2287,skunk,57.6
2288,dryer,76.3
2289,extol,91
2290,jiffy,40.7
2291,ethos,99
2292,lupus,66.6
2293,chant,90
2294,opium,77
2295,queen,61.5
2296,smirk,75
2297,penny,68.7
2298,party,93
2299,stung,82
2300,downy,70
2301,dowel,84
2302,patsy,88
2303,idyll,67.0
2304,valve,73.4
2305,toddy,70.2
2306,thigh,64.3
2307,avoid,81
2308,crane,104
2309,joint,79
2310,valid,79
2311,decoy,88
2312,paint,92
2313,heist,96
2314,brass,74.8
